<?xml version="1.0" encoding="UTF-8"?>
<project-private xmlns="http://www.netbeans.org/ns/project-private/1">
    <editor-bookmarks xmlns="http://www.netbeans.org/ns/editor-bookmarks/2" lastBookmarkId="0"/>
    <open-files xmlns="http://www.netbeans.org/ns/projectui-open-files/2">
        <group>
            <file>file:/D:/Practice_2/resources/views/deal2.blade.php</file>
            <file>file:/D:/Practice_2/resources/views/buyerlist.blade.php</file>
            <file>file:/D:/Practice_2/resources/views/index.blade.php</file>
            <file>file:/D:/Practice_2/resources/views/deal.blade.php</file>
        </group>
    </open-files>
</project-private>
